{	
	"no_models" : 6,
	
	"global_epochs" : 20,
	
	"local_epochs" : 3,
	
	"k" : 4,
	
	"model_types": "EGSAGE_EGSAGE",
	"norm_embs":"",
	"post_hiddens":"",
	"aggr": "mean",
	"node_dim": 64,
	"edge_dim": 64,
	"edge_mode": 1,
	"gnn_activation": "relu",
	"impute_hiddens": "64",
	"impute_activation": "relu",
	"gru_hid_dim": 16,
	"epochs": 100,
	"opt": "adam",
	"opt_scheduler": "step",
	"opt_restart": 0,
	"opt_decay_step": 30,
	"opt_decay_rate": 0.5,
	"dropout": 0.0,
	"weight_decay": 0.0,
	"node_mode": 0,
	"edge_attr_dim": 1,
	"num_node_feature":10

}